n.id,n.label_en,n.label_tr,common,good for breakfast,"1 = all, 2= Dutch, 3= Turkish, 4=USA"
ingredient#nevo:1,Potatoes,Patates,1,,
ingredient#nevo:121,Potatoes mashed fresh prep w semi-sk milk+marg,"Patates, püre taze süt ile hazırlanmış",1,,
ingredient#nevo:667,Cassava,Manyok,1,,
ingredient#nevo:668,Taro,Gölevez,1,,
ingredient#nevo:669,Yam,Yam,1,,
ingredient#nevo:670,Tannia,Tannia,1,,
ingredient#nevo:671,Potato sweet,Tatlı patates,1,,
ingredient#nevo:737,Potatoes mashed instant prepared av,"Patates, püre anlık av hazırlanan",1,,
ingredient#nevo:856,Rosti unprepared,"Rosti, hazırlanmamış ",1,,
ingredient#nevo:948,Rosti prepared wo fat,"Rosti, yağsız hazırlanan",1,,
ingredient#nevo:982,Potatoes wo skin boiled average,"Patates, derisiz, haşlanmış, ortalama",1,,
ingredient#nevo:1150,Potatoes slices/parts frozen unprepared,"Patates, dilim / parçalar, dondurulmuş",1,,
ingredient#nevo:1455,Potato puree powder av,"Patates, püre, toz, av",1,,
ingredient#nevo:1457,Potatoes fried,"Patates, kızarmış",1,,
ingredient#nevo:1678,Potatoes sliced frozen deep-fried in vegetable oil,"Patates, dilimlenmiş, bitkisel yağda kızartılmış",1,,
ingredient#nevo:1680,Potato croquettes frozen prepared,"Patates kroketler, dondurulmuş",1,,
ingredient#nevo:2109,Cassava boiled,"Manyok, haşlanmış",1,,
ingredient#nevo:2110,Taro boiled,"Taro, haşlanmış",1,,
ingredient#nevo:2111,Yam boiled,"Yam, haşlanmış",1,,
ingredient#nevo:2112,Potato sweet boiled,"Tatlı patates, haşlanmış",1,,
ingredient#nevo:2315,Tannia prepared wo fat,"Tannia, yağsız hazırlanmış",1,,
ingredient#nevo:2325,Potatoes boiled w skin average,"Patates, kabuklu, ortalama ile, haşlanmış",1,,
ingredient#nevo:2326,Potato croquettes frozen unprepared,"Patates kroket, dondurulmuş, hazırlanmamış ",1,,
ingredient#nevo:5099,Potatoes slices/parts frozen with spices unprepared,"Patates, dilim / parçaları, baharat, dondurulmuş",1,,
ingredient#nevo:153,Redcurrants,Kırmızı frenk üzümü,1,,
ingredient#nevo:155,Bilberries,Yabanmersini,1,,
ingredient#nevo:156,Cowberries,Kekreyemiş,1,,
ingredient#nevo:161,Raspberries,Ahududu,1,,
ingredient#nevo:164,Gooseberries,Bektaşı üzümü,1,,
ingredient#nevo:165,Manderins,Manderins,1,,
ingredient#nevo:3198,Medlar,Muşmula,1,,
ingredient#nevo:3445,Goji berries dried,"Goji meyveleri, kurutulmuş",1,,
ingredient#nevo:7,Endive,Hindiba,1,,
ingredient#nevo:8,Endive boiled,"Hindiba, haşlanmış",1,,
ingredient#nevo:10,Aubergine,Patlıcan,1,,
ingredient#nevo:11,Aubergine boiled,"Patlıcan, haşlanmış",1,,
ingredient#nevo:15,Cauliflower boiled,"Karnabahar, haşlanmış",1,,
ingredient#nevo:26,Celeriac boiled,"Celeriac, haşlanmış",1,,
ingredient#nevo:29,Swede boiled,"İsveçli, haşlanmış",1,,
ingredient#nevo:30,Kohlrabi boiled,"Alabaş, haşlanmış",1,,
ingredient#nevo:35,Mange-tout,Sultaniye bezelye,1,,
ingredient#nevo:36,Purslane boiled,"Semizotu, haşlanmış",1,,
ingredient#nevo:45,Salsify,Teke sakalı,1,,
ingredient#nevo:57,Sweetcorn boiled,"Mısır, haşlanmış",1,,
ingredient#nevo:58,Bean sprouts,Fasulye lahanası,1,,
ingredient#nevo:59,Bean sprouts boiled,"Fasulye filizi, haşlanmış",1,,
ingredient#nevo:67,Chicory,Hindiba,1,,
ingredient#nevo:68,Chicory boiled,"Hindiba, haşlanmış",1,,
ingredient#nevo:71,Carrot average,"Havuç, ortalama",1,,
ingredient#nevo:72,Carrot boiled average,"Havuç, haşlanmış, ortalama",1,,
ingredient#nevo:73,Cabbage sauerkraut,Lahana turşusu,1,,
ingredient#nevo:74,Cabbage sauerkraut cooked,"Lahana turşusu, haşlanmış",1,,
ingredient#nevo:131,Gherkins sour pickled,"Kornişon, ekşi, turşu",1,,
ingredient#nevo:132,Gherkins sweet pickled,"Kornişon, tatlı, turşu",1,,
ingredient#nevo:136,Peas and carrots tinned,"Bezelye ve havuç, konserve",1,,
ingredient#nevo:141,Tomato puree concentrated tinned,"Domates püresi, konsantre, konserve",1,,
ingredient#nevo:144,Silver-skin onion sweet pickled glass,"Tatlı soğan, gümüş renkli, turşu",1,,
ingredient#nevo:674,Antroewa,Afrika patlıcanı,1,,
ingredient#nevo:675,Dagoe leaf,Dagoe yaprağı,0,,
ingredient#nevo:676,Kaisoi,Kaisoi,1,,
ingredient#nevo:677,Amaranth leaves,Amaranth yaprakları,0,,
ingredient#nevo:680,Okra,Bamya,1,,
ingredient#nevo:681,Bottlegourd poeng,Bottlegourd Poeng,0,,
ingredient#nevo:682,Pumpkin,Kabak,1,,
ingredient#nevo:683,Bitter gourd pods,Acı kabak bölmeler,1,,
ingredient#nevo:684,Tannia leaves,Tannia yaprakları,0,,
ingredient#nevo:849,Fennel,Rezene,1,,
ingredient#nevo:850,Vegetables mixed pickled Atjar tjampoer glass,"Sebze turşusu, karışık",1,,
ingredient#nevo:922,Courgettes,Kabak,1,,
ingredient#nevo:966,Courgettes boiled,"Kabak, haşlanmış",1,,
ingredient#nevo:1119,Peas extra fine low sodium tinned,"Bezelye, düşük sodyum, konserve",1,,
ingredient#nevo:1139,Peas and carrots frozen unprepared,"Bezelye ve havuç, dondurulmuş",1,,
ingredient#nevo:1146,Spinach cut frozen unprepared,"Ispanak, kesme, dondurulmuş",1,,
ingredient#nevo:1158,Onion silver-skin sweet pickled low sodium glass,"Soğan, gümüş renkli, tatlı, turşu, düşük sodyum",1,,
foodkg:ingredient#01082,"Milk, lactose free, low fat (1%)","Süt, laktoz içermeyen, düşük yağlı (% 1)",1,,
ingredient#nevo:1159,Onion silverskin sweet pickled wo sugar glass,"Soğan, gümüş deri, tatlı, turşu, şekersiz",1,,
ingredient#nevo:1160,Gherkins pickled without sugar,"Kornişon, şekersiz, turşu",1,,
ingredient#nevo:1187,Bamboo shoots tinned,"Bambu sürgünler, konserve",0,,
foodkg:ingredient#01085,"Milk, lactose free, fat free (skim)","Süt, laktozsuz, yağsız",1,,
ingredient#nevo:1371,Vegetables pickled Turkish Tursu,"Sebze turşusu, Türk usulü",1,,
ingredient#nevo:1393,Onions fried in vegetable oil,"Soğan, bitkisel yağda kızartılmış",1,,
ingredient#nevo:1394,Mushroom fried in vegetable oil with salt,"Mantar, tuz, bitkisel yağda kızartılmış",1,,
ingredient#nevo:1397,Tomatoes stewed with vegetable oil,"Domates, bitkisel yağ pişirilmiş",1,,
ingredient#nevo:1399,Lettuce iceberg,"Marul, kıvırcık",1,,
ingredient#nevo:1811,Beans long yard Kousenband boiled,"Fasulye, haşlanmış",1,,
ingredient#nevo:1892,Cabbage pak-choi,"Lahana, pak-Choi",1,,
ingredient#nevo:2113,Pumpkin boiled,"Kabak, haşlanmış",1,,
ingredient#nevo:2293,Tomatoes tinned,"Domates, konserve",1,,
ingredient#nevo:2378,Tomato sun-dried,"Domates, güneşte kurutulmuş",1,,
ingredient#nevo:2402,Capers,Kapari,1,,
ingredient#nevo:2498,Tomato sieved pack,Domates püresi,1,,
foodkg:ingredient#01097,"Milk, evaporated, fat free (skim)","Süt, yağsız",1,,
ingredient#nevo:2736,Rocket,Roka,1,,
ingredient#nevo:2900,Sweetcorn tinned,"Mısır, konserve",1,,
ingredient#nevo:3127,Parsnip,Yabani havuç,1,,
ingredient#nevo:3128,Parsnip boiled,"Yabani havuç, haşlanmış",1,,
ingredient#nevo:3134,Bitter gourd pods boiled,"Acı kabak bölmeler, haşlanmış",1,,
ingredient#nevo:3135,Okra boiled,"Bamya, haşlanmış",1,,
ingredient#nevo:3331,Artichoke hearts canned,"Enginar kalbi, konserve",1,,
ingredient#nevo:852,Salad celeriac,Salata kereviz,1,,
ingredient#nevo:1496,Salad fish,Salata balıklı,1,2,
ingredient#nevo:1497,Salad ham and leek,Salata jambon ve pırasa,1,,
ingredient#nevo:1498,Salad chicken curry,Salata tavuk körili,1,,
ingredient#nevo:1499,Salad egg,Salata yumurtalı,1,2,
ingredient#nevo:1876,Salad cucumber,Salata salatalık,1,2,
ingredient#nevo:1877,Salad meat,Salata et,1,2,
ingredient#nevo:2367,Peanut butter light,"Fıstık ezmesi, hafif",1,2,
ingredient#nevo:3175,Salad coleslaw,Lahana salatası,1,,
ingredient#nevo:3207,Hummus natural,"Humus, doğal",1,2,
ingredient#nevo:3229,Salad chicken satay,Salata Tavuk satay,1,,
ingredient#nevo:3230,Salad salmon,Salata somonlu,1,,
ingredient#nevo:3231,Salad tuna,Salata ton balıklı,1,,
ingredient#nevo:3232,Salad crab,Salata yengeç,1,,
ingredient#nevo:3233,Salad shrimp,Salata karides,1,,
ingredient#nevo:5074,Salad cheese,Salata peynir,1,,
ingredient#nevo:867,Linseeds,Keten tohumu,1,,
ingredient#nevo:1896,Pistachio nuts salted,"Fıstık, tuzlu",1,,
ingredient#nevo:2805,Poppy seeds,Haşhaş tohumları,1,,
ingredient#nevo:2886,Cashew nuts salted,"Kaju fıstığı, tuzlu",1,,
ingredient#nevo:2887,Almonds blanched salted,"Badem, kabuksuz, tuzlu",1,,
ingredient#nevo:3446,Hemp seed,Kenevir tohumu,1,,
ingredient#nevo:5050,Brazil nuts salted,"Brezilya fıstığı, tuzlu",1,,
ingredient#nevo:5110,Walnuts salted,"Ceviz, tuzlu",1,,
ingredient#nevo:5111,Nuts macadamia salted,"Macadamia fındık, tuzlu",1,,
ingredient#nevo:5113,Almonds w skin salted,"Badem, kabuksuz, tuzlu",1,,
ingredient#nevo:5158,"Pecannuts oil roasted, salted","Pikan cevizir yağ, kavrulmuş, tuzlu",1,,
ingredient#nevo:119,Peas marrowfat dried,"Bezelye, iri, kurutulmuş",1,,
ingredient#nevo:120,Lentils green and brown dried,"Mercimek, yeşil veya kahverengi, kurutulmuş",1,,
ingredient#nevo:196,Peas marrowfat canned,"Bezelye, iri, konserve ",1,,
ingredient#nevo:686,Peas split yellow/green dried,"Kırık bezelye, sarı ya da yeşil, kurutulmuş",1,,
ingredient#nevo:839,Beans soya dried,"kurutulmuş soya fasulyesi,",1,,
ingredient#nevo:969,Peas marrowfat boiled,"Bezelye, iri,haşlanmış",1,,
ingredient#nevo:970,Lentils green and brown boiled,"Mercimek, yeşil veya kahverengi, haşlanmış",1,,
ingredient#nevo:971,Beans soya boiled,"Soya fasulyesi, haşlanmış",1,,
ingredient#nevo:5169,Lentils brown canned,"Mercimek, kahverengi, konserve",1,,
ingredient#nevo:5170,Beans cannellini canned,"Cannellini fasulye, konserve",0,,
ingredient#nevo:5171,Beans chilli canned,"fasulye, acılı, konserve",1,,
ingredient#nevo:5172,Peas marrowfat young canned,"İri bezelye, genç, konserve",1,,
ingredient#nevo:5174,Lentils red boiled,"Mercimek, kırmızı, haşlanmış",1,,
ingredient#nevo:112,Eel,Yılan balığı,1,,
ingredient#nevo:347,Kipper smoked,"Kipper, füme",1,,
ingredient#nevo:348,Shrimps Dutch boiled,"Karides, haşlanmış",1,,
ingredient#nevo:349,Herring fillet in tomato sauce tinned,"Ringa fileto, domates sos içinde",1,,
ingredient#nevo:350,Herring salted,"Ringa, tuzlu",1,,
ingredient#nevo:353,Mackerel,Uskumru,1,,
ingredient#nevo:357,Stockfish soaked,"Stockfish, ıslatılmış",1,,
ingredient#nevo:602,Salmon tinned,"Somon, konserve",1,,
ingredient#nevo:603,Eel smoked,"Yılan balığı, tütsülenmiş",1,,
ingredient#nevo:604,Mackerel steamed,"Uskumru, buğulama",1,,
ingredient#nevo:702,Shrimps salted dried,"Karides, tuzlu, kurutulmuş",1,,
ingredient#nevo:703,Cod dried salted,"Morina Balığı, tuzlu, kurutulmuş",1,,
ingredient#nevo:813,Plaice,Plaice,1,,
ingredient#nevo:814,Fish fingers fried in sunflower oil,"Balık Kroket, ayçiçek yağında kızartılmış ",1,,
ingredient#nevo:815,Fish fingers unprepared,"Balık Kroket, hazırlıksız",0,,
ingredient#nevo:817,Plaice fried,"Plaice, kızarmış",0,,
ingredient#nevo:818,White fish fillet in batter deep-fried in vegetable oil,"Beyaz balık fileto meyilli, derin yağda kızartılmış",1,,
ingredient#nevo:819,Cod boiled,"Morina Balığı, haşlanmış",1,,
ingredient#nevo:820,Cod,Morina Balığı ,1,,
ingredient#nevo:822,Bloater fried,"Bloater, kızarmış",0,,
ingredient#nevo:918,Plaice boiled,"Pisi Balığı, haşlanmış",0,,
ingredient#nevo:919,Pollock (Atlantic) boiled,"Pollock balığı (Atlantik), haşlanmış",0,,
ingredient#nevo:1097,Caviar,Havyar,1,,
ingredient#nevo:1100,Herring pickled (sweet)sour,"Herring, salamura (tatlı) ekşi",0,,
ingredient#nevo:1101,Snails,Salyangozlar,0,,
ingredient#nevo:1310,Plaice fillet fried/simmered,"Plaice fileto, kızarmış / simmered",0,,
ingredient#nevo:1315,Cod fillet fried/simmered,"Morina fileto, kızarmış / simmered",0,,
ingredient#nevo:1583,Mussels fried in vegetable oil,"Bitkisel yağda kızartılmış midye,",1,,
ingredient#nevo:1585,Halibut smoked,"Halibut, füme",1,,
ingredient#nevo:1586,Mackerel fillet smoked,"Uskumru fileto, füme",1,,
ingredient#nevo:1605,Kippers steamed,"Çirozlar, buğulama",1,,
ingredient#nevo:1606,Herring smoked,"Herring, füme",0,,
ingredient#nevo:1607,Sprat fillet smoked,"Çaça fileto, füme",0,,
ingredient#nevo:1609,Mackerel in oil tinned,"Uskumru, yağ içinde, konserve",1,,
ingredient#nevo:1627,Soft/hard roe fried,"Roe, yumuşak / sert, kızarmış",0,,
ingredient#nevo:1628,Soft/hard roe from fat bloater,"Roe, şişman bloater gelen / yumuşak sert",0,,
ingredient#nevo:1629,Spawn/hard roe coloured glass,"Roe, spawn / sert, renkli cam",0,,
ingredient#nevo:1630,Mussels pickled glass,"Midye, turşu",0,,
ingredient#nevo:1899,Coquilles scallop shell St. Jacques,"Tarak midyesi, tarak kabuğu, St Jacques",0,,
ingredient#nevo:2296,Pollack (Atlantic),Sarı Mezgit Balığı (Atlantik),0,,
ingredient#nevo:2298,Sole,Sole,0,,
ingredient#nevo:2299,Tilapia,Tilapia,0,,
ingredient#nevo:3071,Tilapia prepared without fat,"Tilapia, yağsız hazırlanan",0,,
ingredient#nevo:3199,Anchovy,Hamsi,1,,
ingredient#nevo:3252,Surimi,Surimi,0,,
ingredient#nevo:3256,Sardines grilled,"Sardalye, ızgara",1,,
ingredient#nevo:3318,Pollock (Alaska),Sarı Mezgit Balığı (Alaska),1,,
ingredient#nevo:3319,Pollock (Alaska) steamed,"Sarı Mezgit Balığı (Alaska), buharda",1,,
ingredient#nevo:3320,Prawns cooked,"Karides, pişmiş",1,,
ingredient#nevo:3321,Lemon sole,Limon sole,0,,
ingredient#nevo:3322,Pangasius,Kedi Balığı (Asya),0,,
ingredient#nevo:128,Parsley fresh,"Maydanoz, taze",1,,
ingredient#nevo:429,Stock cubes,Stok küpleri,1,,
ingredient#nevo:694,Tamarind,Hint hurması,1,,
ingredient#nevo:704,Shrimp paste trassie,Karides ezmesi trassie,0,,
ingredient#nevo:823,Pepper black/white,"Biber, beyaz",1,,
ingredient#nevo:824,Mustard,Hardal,1,,
ingredient#nevo:825,Nutmeg powder,Küçük hindistan cevizi,1,,
ingredient#nevo:826,Cinnamon powder,Tarçın,1,2,
ingredient#nevo:827,Cumin seed dried,"Kimyon, tohum, kurutulmuş",1,,
ingredient#nevo:828,Cloves,Karanfil,1,,
ingredient#nevo:829,Chives fresh,"Chives, taze",1,,
ingredient#nevo:830,Garlic,Sarımsak,1,,
ingredient#nevo:831,Chervil fresh,"Chervil, taze",1,,
ingredient#nevo:832,Ginger root,Zencefil kökü,1,,
foodkg:ingredient#01256,"Yogurt, Greek, nonfat milk, plain","Yoğurt, Yunan, yağsız süt, sade",1,,
ingredient#nevo:842,Stock powder,"Bulyon, toz ",1,,
ingredient#nevo:858,Gravy instant powder,Grarvy hazır toz,1,4,
ingredient#nevo:859,Seasoning flavoured liquid,Çeşni aromalı sıvı,0,,
ingredient#nevo:860,Seasoning flavoured powder,Çeşni aromalı toz,0,,
ingredient#nevo:1213,Soy sauce salt,"Soya sosu, tuzlu",1,,
ingredient#nevo:1214,Soy sauce sweet low sodium,"Soya sosu, tatlı, düşük sodyum",1,,
ingredient#nevo:1215,Soy sauce sweet,"Soya sosu, tatlı",1,,
ingredient#nevo:1216,Monosodium glutamate Ve-tsin,"Çin Tuzu, monosodyum glutamat",0,,
ingredient#nevo:1220,Basil dried,"Fesleğen, kurutulmuş",1,,
ingredient#nevo:1221,Chilli powder,Acı biber tozu,1,,
ingredient#nevo:1223,Curry powder djawa,Köri tozu,1,,
ingredient#nevo:1224,Chervil dried,"Frenk maydanozu, kurutulmuş",1,,
ingredient#nevo:1225,Pepper red cayenne,"Biber, Kırmızı Cayenne",1,,
ingredient#nevo:1226,Marjoram dried,"Mercanköşk, kurutulmuş",1,,
ingredient#nevo:1227,Mustard low sodium,"Hardal, düşük sodyum",1,,
ingredient#nevo:1228,Oregano dried,"Kekik, kurutulmuş",1,,
ingredient#nevo:1229,Paprika powder,Kırmızı biber tozu,1,,
ingredient#nevo:1230,Parsley dried,"Maydanoz, kurutulmuş",1,,
ingredient#nevo:1231,Rosemary dried,"Biberiye, kurutulmuş",1,,
ingredient#nevo:1232,Pepper red hot paste,"Biber, kırmızı acı ezmesi",1,,
ingredient#nevo:1233,Pepper red hot paste low sodium,"Biber, kırmızı sıcak macun, düşük sodyum",1,,
ingredient#nevo:1234,Pepper red hot fried paste,"Biber, kırmızı acı kızarmış ezmesi",1,,
ingredient#nevo:1235,Celery leaves fresh,"Kereviz yaprakları, taze",1,,
ingredient#nevo:1236,Lemon grass powder,Limon otu tozu,0,,
ingredient#nevo:1501,Herb and dried vegetable mix unprepared,Baharat ve kurutulmuş sebze karışımı,1,,
ingredient#nevo:1879,Seasoning flavoured pow l sodium,"Baharat, Aromalı Toz, Düşük Sodyum",0,,
ingredient#nevo:1883,Stock powder low sodium,"Stok, toz, düşük sodyum",1,,
ingredient#nevo:1891,Horse-radish,Horseradish,0,,
ingredient#nevo:2177,Basil fresh,"Fesleğen, taze",1,,
ingredient#nevo:2473,Herb paste boemboe,Boemboe bitki ezmesi,0,,
ingredient#nevo:2671,Mix rice/Chinese noodles unprepared,Pirinç / erişte karışımı,1,,
ingredient#nevo:3352,Soup instant powder,Hazır çorba tozu,1,,
ingredient#nevo:3450,Mint fresh,"Nane, taze",1,,
ingredient#nevo:5153,Sauce oyster,istiridye sosu,1,,
ingredient#nevo:5156,Anise seed,Anason tohumu,1,,
foodkg:ingredient#02044,Basil,Fesleğen,1,,
foodkg:ingredient#02048,Vinegar,Sirke,1,,
foodkg:ingredient#02055,Horseradish,Yabanturpu,1,,
foodkg:ingredient#04038,Wheat germ oil,Buğday tohumu yağı,1,,
foodkg:ingredient#04042,Peanut oil,Fıstık yağı,1,,
foodkg:ingredient#04053,Olive oil,Zeytin yağı,1,,
foodkg:ingredient#04506,Sunflower oil,Ayçiçek yağı,1,,
foodkg:ingredient#04511,Safflower oil,Aspur yağı,1,,
foodkg:ingredient#04518,Corn oil,Mısır yağı,1,,
foodkg:ingredient#04528,Walnut oil,ceviz yağı,1,,
foodkg:ingredient#05000,"Chicken breast, rotisserie, skin not eaten","Tavuk göğsü, derisiz",0,,
foodkg:ingredient#05319,"Chicken drumstick, rotisserie, skin not eaten","Tavuk baget, derisiz",0,,
foodkg:ingredient#05334,"Chicken thigh, rotisserie, skin not eaten","Tavuk but, derisiz",0,,
foodkg:ingredient#05335,Chicken feet,Tavuk ayağı,0,,
foodkg:ingredient#05342,"Chicken breast, baked or broiled, skin not eaten, from pre-cooked","Pişmiş veya ızgara tavuk göğsü, derisiz",1,,
foodkg:ingredient#05362,"Chicken wing, rotisserie","Tavuk kanat, et lokantası",1,,
ingredient#compid:03.01.0014,"Veal, rib",Kırmızı et yarım yağlı,1,,
ingredient#compid:03.01.0006,"Veal, leg","Kırmızı et, az yağlı",1,,
ingredient#compid:03.01.0040,"Chicken, breast",Tavuk göğüs eti,1,,
ingredient#compid:03.01.0039,"Chicken, thigh",Tavuk but,1,,
ingredient#compid:04.01.0005,European anchovy,"Hamsi, karadeniz",1,,
ingredient#compid:04.01.0001,"Rainbow trout, aquaculture",Alabalık,1,,
ingredient#compid:04.02.0002,"Tuna fish, canned","Ton balığı konservesi, az yağlı",1,,
ingredient#compid:08.02.0028,"Green bean, canned",Kuru fasulye,1,,
ingredient#compid:08.02.0055,"Chick pea, boiled, canned",Kuru nohut,1,,
ingredient#compid:07.02.0001,"Lentil seed, green, dried",Kırmızı/yeşil mercimek,1,,
ingredient#compid:09.02.0057,"Hazelnut, roasted",Fındık,1,3,
ingredient#compid:09.01.0010,"Wallnut, shelled, dried",Ceviz,1,3,
ingredient#compid:09.01.0007,Green almond,Tatlı badem,1,,
ingredient#compid:09.01.0064,"Apple, Fuji",Elma,1,"2,3",
ingredient#compid:09.01.0041,"Orange, Navelina Navel",Portakal,1,"2,3",
ingredient#compid:09.01.0003,"Pear, summer variety",Armut,1,"2,3",
ingredient#compid:09.01.0044,"Peach, early season",Şeftali,1,,
ingredient#compid:09.01.0034,"Tangerine, Nova",Mandalina,1,,
ingredient#compid:12.02.0083,"Figs, dried",İncir (kuru),1,3,
foodkg:ingredient#08084,"Wheat germ, plain","Buğday tohumu, düz",1,,
ingredient#compid:09.01.0029,Kiwi,Kivi,1,2,
ingredient#compid:09.01.0002,Pineapple,Ananas,1,,
ingredient#compid:08.01.0033,"Melon, summer",Kavun,1,2,
ingredient#compid:08.01.0029,"Watermelon, seeded",Karpuz,1,2,
ingredient#compid:09.01.0028,"Sweet cherry, red",Kiraz,1,,
ingredient#compid:09.01.0012,Strawberry,Çilek,1,2,
ingredient#compid:09.01.0053,"Grape, pink-red",Üzüm,1,2,
ingredient#compid:09.02.0006,"Plum, dried",Malta eriği (kuru),1,,
ingredient#compid:09.01.0016,"Plum, European plum group, Stanley",Erik,1,,
ingredient#compid:09.01.0038,Banana,Muz,1,2,
ingredient#compid:09.01.0047,"Persimmon, kaki, Pollination variant",Trabzon hurması,1,,
ingredient#compid:09.02.0028,"Apricot, dried",Kayısı (kuru),1,,
ingredient#compid:09.02.0045,"Raisin, seedless, Sultaniye, dried",Çekirdeksiz kuru üzüm,1,,
ingredient#compid:09.02.0038,Orange juice,Portakal suyu (sıkılmış),1,2,
ingredient#compid:08.01.0023,Spinach,Ispanak,1,,
ingredient#compid:08.01.0054,Chard,Pazı,1,,
ingredient#compid:08.01.0012,Broccoli,Brokoli,1,,
ingredient#compid:08.01.0026,"Summer squash, dark green",Yeşil kabak,1,,
ingredient#compid:08.01.0059,Purslane,Semizotu,1,,
ingredient#compid:08.01.0004,Fresh peas,"Taze bezelye, pişmiş",1,,
foodkg:ingredient#08120,Oats,Yulaf,1,2,
ingredient#compid:08.01.0043,"Lettuce, crisp",Kıvırcık marul,1,,
ingredient#compid:08.01.0044,"Lettuce, cos",Marul (uzun yapraklı),1,,
ingredient#compid:08.01.0045,Parsley,Maydanoz,1,,
ingredient#compid:08.01.0062,Cress,Bahçe teresi,1,,
ingredient#compid:08.01.0057,"Rocket, arrugula",Roka,1,,
ingredient#compid:08.01.0005,"Pepper, Charleston type",Çarliston biber,1,,
ingredient#compid:08.01.0009,"Pepper, long",Yeşil sivri biber,1,,
ingredient#compid:08.01.0015,"Tomato, red",Domates,1,3,
ingredient#compid:08.02.0035,"Tomato, chopped, canned","Domates, doğranmış, konserve",1,,
ingredient#compid:08.01.0020,"Carrot, orange",Havuç,1,,
ingredient#compid:08.02.0042,"Pepper, red, hot, dried flakes","Kırmızı biber, acılı, pul",1,,
ingredient#compid:08.02.0040,"Pepper,red, block, dried","Kırmızı biber, dolmalık, kuru",1,,
ingredient#compid:08.01.0064,"Radish, red, large",Turp,1,,
ingredient#compid:08.01.0024,"Pumpkin, winter",Balkabağı,1,,
ingredient#compid:08.01.0051,"Potato,yellow, Marfona, Granola, Marabel","Patates, sarı",1,,
ingredient#compid:08.01.0069,"Corn, sweet","Mısır, tatlı",1,,
ingredient#compid:08.01.0035,"Celery, stem",Kereviz,1,,
ingredient#compid:08.01.0034,"Celery, root",Kereviz kökü,1,,
ingredient#compid:08.01.0037,"Cabbage, white",Beyaz lahana,1,,
ingredient#compid:08.01.0028,Cauliflower,Karnabahar,1,,
ingredient#compid:08.01.0041,"Mushroom, white",Mantar,1,,
ingredient#compid:08.01.0061,"Onion, purple, dried",Kurusoğan,1,,
ingredient#compid:08.01.0052,"Eggplant, aubergine, long",Patlıcan,1,,
ingredient#compid:08.02.0034,Tomato juice,Domates suyu,1,,
ingredient#compid:06.02.0027,"Bread, whole wheat",Tam buğday  ekmeği,1,"2,3",
ingredient#compid:06.02.0009,"Bread, wheat, white",Beyaz ekmek,1,"2,3",
ingredient#compid:06.02.0034,Pide bread,"Pide, lavaş, bazlama",1,,
ingredient#compid:12.02.0058,Bulgur,Bulgur,1,,
ingredient#compid:06.02.0003,"Rice, white",Beyaz pirinç,1,,
ingredient#compid:13.02.0014,"Pasta, low protein","Makarna , hazır erişte pişmiş",1,,
ingredient#compid:06.02.0023,Galeta (grissini),"Galeta ekmeği , grissini",1,,
ingredient#compid:06.02.0032,Oat bran,Yulaf ezmesi,1,,
ingredient#compid:06.02.0019,Corn flakes,Mısır gevreği ,1,2,
ingredient#compid:12.02.0021,Simit,Simit,1,3,
ingredient#compid:06.02.0038,Yufka,Yufka,1,,
ingredient#compid:12.02.0030,"Chips, corn","Patlamış mısır, popcorn",1,,
foodkg:ingredient#09003,"Apple, baked, unsweetened","Elma, pişmiş, şekersiz",1,,
foodkg:ingredient#09021,Apricot,Kayısı,1,,
foodkg:ingredient#09037,Avocado,Avokado,1,"2, 4",
foodkg:ingredient#09042,Youngberries,Youngberries,1,,
foodkg:ingredient#09048,"Blackberries, frozen","Böğürtlen, dondurulmuş",1,,
foodkg:ingredient#09050,Huckleberries,Huckleberries,1,,
foodkg:ingredient#09054,"Blueberries, frozen, unsweetened","Yaban mersini, donmuş, şekersiz",1,2,
foodkg:ingredient#09057,"Boysenberries, frozen","Çilekler, dondurulmuş",1,,
foodkg:ingredient#09060,Starfruit,Karambol,1,,
foodkg:ingredient#09063,"Cherries, sour, red","Kiraz, ekşi, kırmızı",1,,
foodkg:ingredient#09068,"Cherries, frozen","Kiraz, dondurulmuş",1,,
foodkg:ingredient#09070,"Cherries, sweet","Kiraz, tatlı",1,,
foodkg:ingredient#09078,Cranberries,Kızılcık,1,,
foodkg:ingredient#09084,Currants,Kuş üzümü,1,,
foodkg:ingredient#09087,Date,Hurma,1,,
foodkg:ingredient#09089,Fig,İncir,1,,
foodkg:ingredient#09111,Grapefruit,Greyfurt,1,,
foodkg:ingredient#09131,"Grapes, American type, slip skin","Üzüm, Amerikan tipi",1,2,
foodkg:ingredient#09132,"Grapes, European type, adherent skin","Üzüm, Avrupa tipi",1,2,
foodkg:ingredient#09139,Guava,Guava,1,,
foodkg:ingredient#09148,Kiwi fruit,Kivi meyvesi,1,,
foodkg:ingredient#09149,Kumquat,Kamkat,1,,
foodkg:ingredient#09150,Lemon,Limon,1,,
foodkg:ingredient#09159,Lime,Misket limonu,1,,
foodkg:ingredient#09164,Longans,Longans,1,,
foodkg:ingredient#09167,"Loganberries, frozen","Karadut, dondurulmuş",1,,
foodkg:ingredient#09181,"Cantaloupe, frozen","Kavun, dondurulmuş",1,,
foodkg:ingredient#09183,Cassaba melon,Cassaba kavun,1,,
foodkg:ingredient#09184,"Honeydew, frozen","Tatlı ve sulu, dondurulmuş",1,,
foodkg:ingredient#09190,Mulberries,Dut,1,,
foodkg:ingredient#09191,Nectarine,Nektarin,1,,
foodkg:ingredient#09195,"Olives, green","Zeytin, yeşil",1,,
foodkg:ingredient#09200,Tangelo,Tangelo,1,,
foodkg:ingredient#09218,Tangerine,Mandalina,1,,
foodkg:ingredient#09231,Passion fruit,Tutku meyve,1,,
foodkg:ingredient#09236,"Peach, frozen, unsweetened","Şeftali, şekersiz dondurulmuş",1,,
foodkg:ingredient#09252,Pear,Armut,1,2,
foodkg:ingredient#09253,"Pear, cooked or canned, unsweetened, water pack","Armut, pişirilmiş veya konserve, şekersiz, su paketi",1,,
foodkg:ingredient#09263,Persimmon,Trabzon hurması,1,,
foodkg:ingredient#09266,Pineapple,Ananas,1,,
foodkg:ingredient#09277,Ripe plantain,Olgun muz,1,,
foodkg:ingredient#09279,Plum,Erik,1,,
foodkg:ingredient#09286,Pomegranate,Nar,1,,
foodkg:ingredient#09291,"Prune, dried, uncooked","Erik, kurutulmuş, pişmemiş",1,,
foodkg:ingredient#09302,"Raspberries, frozen, unsweetened","Ahududu, dondurulmuş, şekersiz",1,,
foodkg:ingredient#09307,"Rhubarb, cooked or canned, unsweetened","Ravent, pişirilmiş veya konserve, şekersiz",1,,
foodkg:ingredient#09316,Strawberries,Çilek,1,2,
foodkg:ingredient#09318,"Strawberries, frozen, unsweetened","Dondurulmuş çilek, şekersiz",1,,
foodkg:ingredient#09322,Tamarind,"Demirhindi, ham",1,,
foodkg:ingredient#09340,"Pear, Japanese","Armut, Japon",1,,
foodkg:ingredient#09434,"Soursop, nectar","Soursop, nektar",1,,
ingredient#nevo:83,Egg whole chicken average raw,"Yumurta, bütün, tavuk, ortalama",1,"2, 4",
ingredient#nevo:84,Egg whole chicken average boiled,"Yumurta, bütün, tavuk, ortalama, haşlanmış",1,"2, 4",
ingredient#nevo:85,Egg yolk chicken raw,"Yumurta sarısı, tavuk",1,,
ingredient#nevo:86,Egg yolk chicken boiled,"Yumurta sarısı, tavuk, haşlanmış",1,,
ingredient#nevo:87,Egg powder chicken,"Yumurta tozu, tavuk",1,,
ingredient#nevo:358,Egg white chicken raw,"Yumurta beyazı, tavuk",1,,
ingredient#nevo:80,Flour rice,"Un, pirinç",1,,
ingredient#nevo:208,Flour buckwheat,"Un, karabuğday",1,,
ingredient#nevo:217,Flour rye 60% extraction,"Un, çavdar,% 60 ekstraksiyon",1,,
foodkg:ingredient#11001,Alfalfa sprouts,"Yonca lahanası, ham",1,,
foodkg:ingredient#11011,Asparagus,Kuşkonmaz,1,,
foodkg:ingredient#11043,Bean sprouts,Fasulye lahanası,1,,
foodkg:ingredient#11052,"Beans, string, green","Fasulye, yeşil",1,,
foodkg:ingredient#11080,Beets,Pancar,1,,
foodkg:ingredient#11086,Beet greens,Pancar yeşiller,1,,
foodkg:ingredient#11090,Broccoli,Brokoli,1,,
foodkg:ingredient#11096,Broccoli raab,Yabani brokoli / rapini,1,,
foodkg:ingredient#11098,Brussels sprouts,Brüksel lahanası,1,,
foodkg:ingredient#11109,"Cabbage, green","Lahana, yeşil",1,,
foodkg:ingredient#11112,"Cabbage, red","Lahana, kırmızı",1,,
foodkg:ingredient#11116,"Cabbage, Chinese","Lahana, Çin",1,,
foodkg:ingredient#11124,"Raw vegetable, NFS","Ham bitkisel, belirtilmemiş",1,,
foodkg:ingredient#11135,Cauliflower,Karnabahar,1,,
foodkg:ingredient#11143,Celery,Kereviz,1,,
foodkg:ingredient#11147,Chard,"Pazı, ham",1,,
foodkg:ingredient#11156,Chives,Frenk soğanı,1,,
foodkg:ingredient#11161,Collards,Karalahana,1,,
foodkg:ingredient#11165,Recaito,Recaito,1,,
foodkg:ingredient#11167,Corn,Mısır,1,,
foodkg:ingredient#11203,Cress,Tere,1,,
foodkg:ingredient#11206,Cucumber,Salatalık,1,2,
foodkg:ingredient#11207,Dandelion greens,Karahindiba yeşiller,1,,
foodkg:ingredient#11209,Eggplant,Patlıcan ,1,,
foodkg:ingredient#11212,"Edamame, cooked",Soya fasulyesi,1,,
foodkg:ingredient#11215,Garlic,Sarımsak,1,,
foodkg:ingredient#11226,"Artichoke, Jerusalem","Enginar, Kudüs",1,,
foodkg:ingredient#11233,Kale,Kale,1,,
foodkg:ingredient#11241,Kohlrabi,Alabaş,1,,
foodkg:ingredient#11246,Leek,Pırasa,1,,
foodkg:ingredient#11250,"Lettuce, manoa","Marul, Manoa",1,,
foodkg:ingredient#11252,Lettuce,Marul,1,,
foodkg:ingredient#11260,Mushrooms,Mantar,1,,
foodkg:ingredient#11282,"Onions, mature",Soğan,1,,
foodkg:ingredient#11291,"Onions, young green","Soğan, genç yeşil",1,,
foodkg:ingredient#11297,Parsley,Maydanoz,1,,
foodkg:ingredient#11300,Snowpeas,Snowpeas,1,,
foodkg:ingredient#11304,"Peas, green","Bezelye, yeşil",1,,
foodkg:ingredient#11333,"Pepper, sweet, green","Biber, tatlı, yeşil",1,,
foodkg:ingredient#11349,Poi,Poi,1,,
foodkg:ingredient#11429,Radish,Turp,1,,
foodkg:ingredient#11435,Rutabaga,Şalgam,1,,
foodkg:ingredient#11439,"Sauerkraut, cooked, fat not added in cooking","Lahana turşusu, pişmiş, yağ eklenmemiş",1,,
foodkg:ingredient#11457,Spinach,Ispanak,1,,
foodkg:ingredient#11477,"Squash, summer, green","Kabak, yeşil",1,,
foodkg:ingredient#11527,"Tomatoes, green","Domates, yeşil",1,,
foodkg:ingredient#11529,Tomatoes,Domates,1,2,
foodkg:ingredient#11564,Turnip,Turp,1,,
foodkg:ingredient#11590,Water chestnut,Su kestanesi,1,,
foodkg:ingredient#11591,Watercress,Su teresi,1,,
foodkg:ingredient#11603,Jicama,Jicama,1,,
foodkg:ingredient#11609,"Beets, pickled",Pancar turşusu,1,,
foodkg:ingredient#11641,"Squash, summer, yellow","Kabak, sarı",1,,
foodkg:ingredient#11643,"Squash, winter type","Kabak, kış tipi",0,,
ingredient#nevo:218,Flour rye,"Un, çavdar",1,,
ingredient#nevo:220,Flour wheat white,"Un, buğday, beyaz",1,,
ingredient#nevo:222,Flour wheat wholemeal,"Un, buğday, kepekli",1,,
ingredient#nevo:695,Flour cassava,"Un, manyok",1,,
ingredient#nevo:868,Flour soya defatted,"Un, soya",1,,
ingredient#nevo:869,Flour soya full fat,"Un, soya, tam yağ",1,,
ingredient#nevo:1020,Flour wheat self-raising,"Un, buğday, kendini yetiştirme",1,,
ingredient#nevo:308,Oil peanut,Fıstık yağı,1,,
ingredient#nevo:313,Oil soy,Soya yağı,1,,
ingredient#nevo:317,Oil sunflower seed,Ayçiçeği tohumu yağı,1,,
ingredient#nevo:601,Oil olive,Zeytin yağı,1,,
ingredient#nevo:607,Oil safflower,Aspur yağı,1,,
ingredient#nevo:608,Oil corn,Mısır yağı,1,,
ingredient#nevo:3051,Oil linseed,Keten tohumu yağı,1,,
ingredient#nevo:3243,Oil coconut,Hindistancevizi yağı,1,,
ingredient#nevo:3334,Oil rice bran,Pirinç kepeği yağı,1,,
ingredient#nevo:3376,Oil sesame,Susam yağı,1,,
ingredient#nevo:3349,Sauce bolognese ready made jar,Kolza yağı,1,,
ingredient#nevo:3451,Oil palm,Palmiye yağı,1,,
ingredient#nevo:3153,Quinoa raw,Kinoa,1,,
ingredient#nevo:3154,Quinoa cooked,"Kinoa, pişmiş",1,,
ingredient#nevo:2740,Sweet pepper yellow raw,"Tatlı biber, sarı",1,,
ingredient#nevo:2741,Sweet pepper yellow boiled,"Tatlı pepperr, sarı, haşlanmış",1,,
ingredient#nevo:2742,Sweet pepper average raw,"Tatlı biber, ortalama",1,,
ingredient#nevo:2743,Sweet pepper average boiled,"Tatlı biber, ortalama, haşlanmış",1,,
ingredient#nevo:3048,Sweet pepper orange raw,"Tatlı biber, turuncu",1,,
ingredient#nevo:31,Sweet pepper green raw,"Tatlı biber, yeşil",1,,
ingredient#nevo:32,Sweet pepper green boiled,"Tatlı biber, yeşil, haşlanmış",1,,
ingredient#nevo:884,Sweet pepper red raw,"Tatlı biber, kırmızı",1,,
ingredient#nevo:885,Sweet pepper red boiled,"Tatlı biber, kırmızı, haşlanmış",1,,
ingredient#nevo:2524,Chili pepper raw,Chili biber,1,,
ingredient#nevo:453,Peppermint,Nane,1,,
ingredient#nevo:2953,Salt sea,Deniz tuzu,1,,
ingredient#nevo:2731,Tomato cherry raw,"Domates, kiraz",1,"2,3",
ingredient#nevo:60,Tomatoes classic round raw,"Domates, klasik yuvarlak",1,,
ingredient#nevo:61,Tomatoes classic round boiled,"Domates, klasik yuvarlak, haşlanmış",1,,
ingredient#nevo:2377,"Tomatoes dried in oil tin/glass, drained",Yağda kurutulmuş domatesler,1,,
foodkg:ingredient#11729,"Beans, string, green, canned, low sodium, fat not added in cooking","Fasulye, yeşil, konserve, düşük sodyum",0,,
ingredient#nevo:2730,Tomato vine raw,"Domates, asma",1,,
ingredient#nevo:2732,Tomato beef raw,"Domates, sığır eti",1,,
ingredient#nevo:2733,Tomato beef boiled,"Domates, sığır eti, haşlanmış",1,,
ingredient#nevo:2734,Tomato average raw,"Domates, ortalama",1,2,
ingredient#nevo:2735,Tomato average boiled,"Domates, ortalama, haşlanmış",1,,
ingredient#nevo:5100,Tapenade tomato,Domates tapenade,1,,
foodkg:ingredient#11735,"Beets, canned, low sodium, fat not added in cooking","Pancar, konserve, düşük sodyum",1,,
ingredient#nevo:5141,Tzatziki,Cacık,1,,
ingredient#nevo:4,Pasta white raw,"Makarna, beyaz",1,,
ingredient#nevo:659,Pasta white average boiled,"Makarna, beyaz, ortalama, haşlanmış",1,,
ingredient#nevo:811,Pasta wholemeal raw,"Makarna, kepekli",1,,
ingredient#nevo:2157,Pasta wholemeal boiled,"Makarna, kepekli, haşlanmış",1,,
ingredient#nevo:2271,Pasta gluten free raw Schar,"Makarna, Glütensiz (Schar)",1,,
ingredient#nevo:2779,Pasta white wo egg boiled,"Makarna, Beyaz, Yumurta, Haşlanmış",1,,
ingredient#nevo:2780,Pasta white w egg boiled,"Makarna, beyaz, w / yumurta, haşlanmış",1,,
ingredient#nevo:2781,Pasta white fresh boiled,"Makarna, beyaz, taze, haşlanmış",1,,
ingredient#nevo:3250,Pasta gluten free cooked Schar,"Makarna, glutensiz, pişmiş (Schar)",1,,
ingredient#nevo:2793,Baguette white,"Baget, beyaz",1,2,
ingredient#nevo:2794,Baguette brown,"Baget, kahverengi",1,2,
ingredient#nevo:2359,Wrap/Tortilla,"Sarma, tortilla",1,,
foodkg:ingredient#11758,"Carrots, canned, low sodium, fat not added in cooking","Havuç, konserve, düşük sodyum, yağ pişirme eklenmez",1,,
foodkg:ingredient#11771,"Corn, yellow, canned, low sodium, fat not added in cooking","Mısır, sarı, konserve, düşük sodyum, yağ pişirme eklenmez",1,,
foodkg:ingredient#11821,"Pepper, sweet, red","Biber, tatlı, kırmızı, çiğ",1,,
foodkg:ingredient#11885,"Tomatoes, canned, low sodium","Domates, konserve, düşük sodyum",1,,
foodkg:ingredient#11937,"Pickles, NS as to vegetable","Turşu, sebze olarak, belirtilmemiş",1,,
foodkg:ingredient#11941,"Cucumber pickles, sour","Salatalık turşu, ekşi",1,,
foodkg:ingredient#11943,Pimiento,Pimiento,1,,
foodkg:ingredient#11945,"Pickles, mixed","Turşu, Karışık",1,,
foodkg:ingredient#11946,"Cucumber pickles, dill, reduced salt","Salatalık turşu, dereotu, düşük tuz",1,,
foodkg:ingredient#11948,"Cucumber pickles, sweet, reduced salt","Salatalık turşu, tatlı, azaltılmış tuz",1,,
foodkg:ingredient#11952,Radicchio,Radicchio,1,,
foodkg:ingredient#11957,Fennel bulb,Rezene ampul,1,,
foodkg:ingredient#11959,"Lettuce, arugula","Marul, roka",1,,
foodkg:ingredient#11963,Cactus,Kaktüs,1,,
foodkg:ingredient#11965,Broccoflower,Broccoflower,1,,
foodkg:ingredient#11976,"Pepper, banana","Biber, muz",1,,
foodkg:ingredient#11977,"Pepper, Serrano","Biber, Serrano",1,,
foodkg:ingredient#12016,"Pumpkin seeds, unsalted","Kabak tohumları, tuzsuz",1,,
foodkg:ingredient#12037,"Sunflower seeds, NFS","Ayçiçeği tohumları, çeşitli",1,,
foodkg:ingredient#12061,"Almonds, unroasted","Badem, kavrulmamış",1,,
foodkg:ingredient#12063,"Almonds, NFS","Badem, çeşitli",1,,
foodkg:ingredient#12078,Brazil nuts,Brezilya fındığı,1,,
foodkg:ingredient#12085,"Cashews, unroasted","Kaju, kavrulmamış",1,,
foodkg:ingredient#12104,"Coconut, fresh","Hindistan cevizi, taze",1,,
foodkg:ingredient#12109,"Coconut, packaged","Hindistan Cevizi, paketlenmiş",1,,
foodkg:ingredient#12120,Hazelnuts,Fındıklar,1,3,
foodkg:ingredient#12142,"Pecans, unroasted","Cevizler, kavrulmamış",1,,
foodkg:ingredient#12147,Pine nuts,Çam fıstığı,1,,
foodkg:ingredient#12152,"Pistachio nuts, NFS",Fıstık fındık,1,,
foodkg:ingredient#12155,Walnuts,Ceviz,1,3,
foodkg:ingredient#12167,Chestnuts,Kestane,1,,
foodkg:ingredient#12220,Chia seeds,Chia çekirdekleri,1,,
foodkg:ingredient#12588,Cashew butter,Kaju tereyağı,1,,
foodkg:ingredient#12632,Macadamia nuts,"Fındık, Macadamia",1,,
foodkg:ingredient#12695,Almond butter,Badem tereyağı,1,,
foodkg:ingredient#14381,"Tea, hot, herbal","Çay, sıcak, bitkisel",1,,
foodkg:ingredient#14090,"Coconut water, unsweetened","Hindistan cevizi suyu, şekersiz",1,,
foodkg:ingredient#14121,"Carbonated water, unsweetened","Karbonatlı su, şekersiz",1,,
foodkg:ingredient#14201,"Coffee and chicory, brewed, decaffeinated","Kahve ve hindiba, demlenmiş, kafeinsiz",1,,
foodkg:ingredient#14202,"Coffee, espresso, decaffeinated","Kahve, espresso, kafeinsiz",1,,
foodkg:ingredient#14209,"Coffee and chicory, brewed","Kahve ve hindiba, demlenmiş",1,,
foodkg:ingredient#14210,"Coffee, espresso","Kahve, espresso",1,2,
foodkg:ingredient#14411,"Water, tap",Su musluğu,1,,
foodkg:ingredient#14545,"Tea, hot, chamomile","Çay, sıcak, papatya",1,2,
foodkg:ingredient#14555,"Water, bottled, unsweetened","Su, şişe, şekersiz",1,2,
foodkg:ingredient#14649,"Tea, hot, hibiscus ","Çay, sıcak, ebegümeci",1,2,
foodkg:ingredient#15002,"Anchovy, canned","Hamsi, konserve",1,,
foodkg:ingredient#15012,"Roe, sturgeon","Roe, mersin balığı",1,,
foodkg:ingredient#15028,"Flounder, smoked","Pisi balığı, füme",1,,
foodkg:ingredient#15035,"Haddock, smoked","Mezgit, füme",1,,
foodkg:ingredient#15036,Halibut,Halibut,1,,
foodkg:ingredient#15039,Herring,Herring,1,,
foodkg:ingredient#15048,"Mackerel, canned","Uskumru, konserve",1,,
foodkg:ingredient#15055,Mullet,Kefal,1,,
foodkg:ingredient#15057,Ocean perch,Okyanus levrek,1,,
foodkg:ingredient#15068,Pompano,"Pompano, balık",1,,
foodkg:ingredient#15072,"Roe, herring","Roe, ringa",1,,
foodkg:ingredient#15090,Porgy,Porgy,1,,
foodkg:ingredient#15121,"Tuna, canned, water pack","Ton balığı, konserve, su paketi",1,,
foodkg:ingredient#15127,"Tuna, fresh, dried","Ton balığı, taze, kurutulmuş",1,,
foodkg:ingredient#15141,"Crab, canned","Yengeç, konserve",1,,
foodkg:ingredient#15152,"Shrimp, canned","Karides, konserve",1,,
foodkg:ingredient#15164,Mussels,Midye,1,,
foodkg:ingredient#15167,Oysters,İstiridye,1,,
foodkg:ingredient#15175,Squid,"Kalamar, ham",1,,
ingredient#compid:01.02.0010,"Milk, UHT (%3)","İnek sütü, tam yağlı",1,2,
ingredient#compid:01.02.0015,"Yoghurt, cows milk, whole ","Yoğurt, tam yağlı",1,"2,3",
ingredient#compid:12.02.0048,"Kefir, whole","Kefir, tam yağlı",1,3,
ingredient#compid:01.02.0022,Ayran,Ayran,1,,
ingredient#compid:01.02.0006,"Cheese, kasar, full fat","Kaşar peyniri, tam yağlı",1,"2,3",
ingredient#compid:02.01.0007,"Egg, chicken, whole",Yumurta,1,"2, 3, 4, ",
ingredient#compid:03.01.0004,"Veal, fillet","Kırmızı et, yağlı pişmiş",1,,
foodkg:ingredient#16087,"Peanuts, unroasted","Fıstık, kavrulmamış",1,,
foodkg:ingredient#16088,"Peanuts, boiled","Fıstık, haşlanmış",1,,
foodkg:ingredient#16110,Soy nuts,Soya fıstığı,1,,
foodkg:ingredient#16113,Natto,Natto,1,,
foodkg:ingredient#16139,Soy milk,Soya sütü,1,3,
foodkg:ingredient#16225,"Soy milk, light","Soya sütü, hafif",1,,
foodkg:ingredient#16230,"Soy milk, nonfat","Soya sütü, yağsız",1,,
foodkg:ingredient#16337,"Red kidney beans, canned, drained, low sodium, fat not added in cooking","Kırmızı fasulye, konserve, süzülmüş, düşük sodyum, yağ  eklenmemiş",1,,
foodkg:ingredient#16360,"Chickpeas, canned, drained, low sodium, fat not added in cooking","Nohut, konserve, süzülmüş, düşük sodyum, yağ  eklenmemiş",1,,
foodkg:ingredient#16389,"Peanuts, roasted, unsalted","Fıstık, tuzsuz, kavrulmuş",1,,
foodkg:ingredient#16390,"Peanuts, dry roasted, unsalted","Fıstık, kuru kavrulmuş, tuzsuz",1,,
foodkg:ingredient#18375,Yeast,Maya,1,,
foodkg:ingredient#19009,Corn nuts,Mısır fıstığı,1,,
foodkg:ingredient#20033,"Oat bran, uncooked",Yulaf kepeği,1,,
foodkg:ingredient#36035,"Cabbage salad or coleslaw, from fast food / restaurant",Lahana veya lahana salatası,1,,
foodkg:ingredient#43406,Yeast extract spread,Maya özütü yayıldı,1,,
foodkg:ingredient#43060,"Chewing gum, sugar free","Çiklet, şekersiz",1,,
foodkg:ingredient#43128,"Chicken, meatless, NFS","Tavuk, etsiz",1,,
foodkg:ingredient#43142,"Radishes, pickled, Hawaiian style","Turp, turşu, Hawai tarzı",1,,
foodkg:ingredient#43143,"Cabbage, fresh, pickled, Japanese style","Lahana, taze, turşu, Japon tarzı",1,,
foodkg:ingredient#43476,"Yogurt, soy","Yoğurt, soya",1,3,
ingredient#nevo:335,Liver pate,Karaciğer ezmesi,,,
ingredient#nevo:344,Processed meat products average,İşlenmiş Et Ürünleri ortalama,,2,
ingredient#nevo:328,Ham smoked raw,Jambon domuz füme,,"2, 4",
ingredient#nevo:1776,Ham lean grilled,Jambon domuz ızgara,,4,
ingredient#nevo:2654,Chicken (processed meat product),Tavuk (İşlenmiş Et Ürünü),,2,
ingredient#nevo:3001,Turkey (processed meat product),Hindi (İşlenmiş Et Ürünü),,,
ingredient#nevo:278,Yoghurt full fat,Yoğurt tam yağlı,,2,
ingredient#nevo:279,"Milk, whole","Süt, bütün",,2,
ingredient#nevo:286,"Milk, semi-skimmed","Süt, yarı yağsız",,2,
ingredient#nevo:294,"Milk, skimmed","Süt, yağsız",,2,
ingredient#nevo:301,"Yoghurt, low fat","Yoğurt, düşük yağlı",,2,
ingredient#nevo:305,"Quark, low fat","Kuark, düşük yağlı",,2,
ingredient#nevo:306,"Quark, half fat","Kuark, yarım yağlı",,2,
ingredient#nevo:307,"Quark, full fat","Kuark, tam yağlı",,2,
ingredient#nevo:657,"Yoghurt, drink","Yoğurt, İçecek",,2,
ingredient#nevo:2503,"Yoghurt, Greek, full fat","Yoğurt, Yunan, tam yağlı",,,
ingredient#nevo:511,"Cheese, Edam, 40+","Peynir, Edam, 40+",,"2, 4",
ingredient#nevo:513,"Cheese, Gauda, 48+ average","Peynir, Gauda, ​​48+ ortalama",,4,
ingredient#nevo:516,"Cheese spread, 40+","Peynir ezme, 40+",,4,
ingredient#nevo:517,"Cheese spread, 20+","Peynir ezme, 20+",,,
ingredient#nevo:654,"Cheese, Cottage","Peynir, yazlık",,,
ingredient#nevo:883,"Cheese, Old Amsterdam, 48+","Peynir, Old Amsterdam, 48+",,,
ingredient#nevo:1382,"Cheese, 30+ average","Peynir, 30+ ortalama",,,
ingredient#nevo:1723,Cheese 20+,Peynir 20+,,,
ingredient#nevo:1724,"Cheese, 50+",Peynir 50+,,,
ingredient#nevo:1809,"Cheese, 45+","Peynir, 45+",,,
ingredient#nevo:2264,"Cheese, 10+","Peynir, 10+",,,
ingredient#nevo:230,"Roll, white, soft","Rulo, beyaz, yumuşak",,2,
ingredient#nevo:229,"Crispbread, average","Crispbread, ortalama",,2,
ingredient#nevo:2813,"Bread, raisin/current, average","Ekmek, kuru üzüm / akım, ortalama",,,
ingredient#nevo:2818,"Croissant, average","Kruvasan, ortalama",,"2, 4",
ingredient#nevo:240,Cake Dutch spiced Ontbijtkoek,"Pasta, baharatlı ontbijtkoek, Hollanda",,2,
ingredient#nevo:2809,Muesli with fruit,Meyveli Muesli,,2,
ingredient#nevo:467,Pancake prep with margarine,"Krep, margarin ile hazırlanmış",,"2, 4",
ingredient#nevo:445,Jam,Reçel,,"2, 4",